8;"lock"
12;"noclicks"
14;"transition_tween"
3325;"__Packages.NitromeGame"
3326;"__Packages.com.nitrome.util.MD5"
3327;"__Packages.com.nitrome.game.NoClicks"
3328;"__Packages.com.nitrome.game.TransitionTween"
3329;"__Packages.com.nitrome.util.Lock"
3330;"__Packages.com.nitrome.game.MusicController"
3331;"__Packages.com.nitrome.toxic.BubbleTile"
3332;"__Packages.com.nitrome.toxic.SmokeTile"
3333;"__Packages.com.nitrome.toxic.Acid"
3334;"__Packages.com.nitrome.toxic.Global"
3335;"__Packages.com.nitrome.buttons.SimpleButton"
3336;"__Packages.com.nitrome.buttons.BackButton"
3337;"__Packages.com.nitrome.buttons.BackToMapButton"
3338;"__Packages.com.nitrome.toxic.BasicBomb"
3339;"__Packages.com.nitrome.toxic.Game"
3340;"__Packages.com.nitrome.toxic.PowerCellMemory"
3341;"__Packages.com.nitrome.engine.Score"
3342;"__Packages.com.nitrome.toxic.Path"
3343;"__Packages.com.nitrome.toxic.BasicRobot"
3344;"__Packages.com.nitrome.toxic.BombPanel"
3345;"__Packages.com.nitrome.toxic.BomberRobot"
3346;"__Packages.com.nitrome.toxic.BossBullet"
3347;"__Packages.com.nitrome.toxic.BossDebris"
3348;"__Packages.com.nitrome.toxic.BossHealthPanel"
3349;"__Packages.com.nitrome.toxic.BossLaser"
3350;"__Packages.com.nitrome.toxic.TrigLookup"
3351;"__Packages.com.nitrome.toxic.BossMissile"
3352;"__Packages.com.nitrome.toxic.FirstBoss"
3353;"__Packages.com.nitrome.toxic.Player"
3354;"__Packages.com.nitrome.toxic.FinalBoss"
3355;"__Packages.com.nitrome.toxic.Bot"
3356;"__Packages.com.nitrome.toxic.Bullet"
3357;"__Packages.com.nitrome.toxic.Cannon"
3358;"__Packages.com.nitrome.highscore.ClearButton"
3359;"__Packages.com.nitrome.buttons.ClearGameButton"
3360;"__Packages.com.nitrome.buttons.ClearPowercellsButton"
3361;"__Packages.com.nitrome.toxic.CollapsingPlatform"
3362;"__Packages.com.nitrome.toxic.BombCollect"
3363;"__Packages.com.nitrome.buttons.ContinueButton"
3364;"__Packages.com.nitrome.buttons.ContinueEndButton"
3365;"__Packages.com.nitrome.toxic.ConveyorBelt"
3366;"__Packages.com.nitrome.buttons.CreditsButton"
3367;"__Packages.com.nitrome.toxic.Debris"
3368;"__Packages.com.nitrome.toxic.DiggerBomb"
3369;"__Packages.com.nitrome.toxic.DiggerRobot"
3370;"__Packages.com.nitrome.toxic.Door"
3371;"__Packages.com.nitrome.toxic.Drip"
3372;"__Packages.com.nitrome.toxic.Explosion"
3373;"__Packages.com.nitrome.toxic.FirstDoor"
3374;"__Packages.com.nitrome.toxic.FirstInfoPoint"
3375;"__Packages.com.nitrome.toxic.FishRobot"
3376;"__Packages.com.nitrome.toxic.FlyerRobot"
3377;"__Packages.com.nitrome.game.FxToggle"
3378;"__Packages.com.nitrome.toxic.HealthPanel"
3379;"__Packages.com.nitrome.buttons.HelpButton"
3380;"__Packages.com.nitrome.highscore.ArrowButton"
3381;"__Packages.com.nitrome.highscore.HiscoreLine"
3382;"__Packages.com.nitrome.highscore.HiscoreBoard"
3383;"__Packages.com.nitrome.toxic.Hive"
3384;"__Packages.com.nitrome.toxic.HoloButton"
3385;"__Packages.com.nitrome.toxic.HoloTile"
3386;"__Packages.com.nitrome.toxic.InfoPoint"
3387;"__Packages.com.nitrome.toxic.Laser"
3388;"__Packages.com.nitrome.highscore.LetterButton"
3389;"__Packages.com.nitrome.toxic.LevelSelectButton"
3390;"__Packages.com.nitrome.toxic.LevelBonus"
3391;"__Packages.com.nitrome.toxic.LevelEnd"
3392;"__Packages.com.nitrome.toxic.Medipak"
3393;"__Packages.com.nitrome.toxic.Mine"
3394;"__Packages.com.nitrome.toxic.MovingCannon"
3395;"__Packages.com.nitrome.game.MusicToggle"
3396;"__Packages.com.nitrome.buttons.NextLevelButton"
3397;"__Packages.com.nitrome.buttons.OptionsButton"
3398;"__Packages.com.nitrome.buttons.PauseButton"
3399;"__Packages.com.nitrome.toxic.PlatformBomb"
3400;"__Packages.com.nitrome.buttons.PlayButton"
3401;"__Packages.com.nitrome.buttons.TryAgainButton"
3402;"__Packages.com.nitrome.buttons.SubmitScoreButton"
3403;"__Packages.com.nitrome.buttons.SecretLevelButton"
3404;"__Packages.com.nitrome.game.PopUpHolder"
3405;"__Packages.com.nitrome.toxic.PowerCell"
3406;"__Packages.com.nitrome.toxic.PowerCellPanel"
3407;"__Packages.com.nitrome.highscore.SubmitButton"
3408;"__Packages.com.nitrome.highscore.ScoreSubmitPanel"
3409;"__Packages.com.nitrome.buttons.ScoresButton"
3410;"__Packages.com.nitrome.toxic.ShooterBullet"
3411;"__Packages.com.nitrome.toxic.ShooterRobot"
3412;"__Packages.com.nitrome.buttons.SkipIntroButton"
3413;"__Packages.com.nitrome.toxic.Spider"
3414;"__Packages.mx.transitions.OnEnterFrameBeacon"
3415;"__Packages.mx.transitions.BroadcasterMX"
3416;"__Packages.mx.transitions.Tween"
3417;"__Packages.mx.transitions.easing.None"
3418;"__Packages.mx.utils.Delegate"
3419;"__Packages.mx.transitions.easing.Strong"
3420;"__Packages.com.nitrome.toxic.StingerRobot"
3421;"__Packages.com.nitrome.toxic.TextDisplay"
3422;"__Packages.com.nitrome.toxic.TitleScreenAnim"
3423;"__Packages.com.nitrome.toxic.WalkerBomb"
3424;"__Packages.com.nitrome.toxic.WheelRobot"
3425;"__Packages.com.nitrome.toxic.WheelieRobot"
3426;"__Packages.com.nitrome.toxic.ZapperRobot"
3427;"__Packages.com.nitrome.game.SfxManager"
222;"__Packages.mx.core.UIObject"
223;"__Packages.mx.core.UIComponent"
224;"__Packages.Toxic"
365;"__Packages.mx.skins.SkinElement"
366;"__Packages.mx.styles.CSSTextStyles"
367;"__Packages.mx.styles.StyleManager"
368;"__Packages.mx.styles.CSSStyleDeclaration"
369;"__Packages.mx.events.EventDispatcher"
370;"__Packages.mx.events.UIEventDispatcher"
371;"__Packages.mx.skins.ColoredSkinElement"
372;"__Packages.mx.core.ext.UIObjectExtensions"
373;"__Packages.mx.skins.halo.Defaults"
374;"__Packages.mx.managers.DepthManager"
375;"__Packages.mx.controls.SimpleButton"
376;"__Packages.mx.managers.SystemManager"
377;"__Packages.mx.managers.FocusManager"
378;"__Packages.mx.skins.halo.FocusRect"
379;"__Packages.mx.managers.OverlappedWindows"
380;"__Packages.mx.styles.CSSSetStyle"
381;"__Packages.mx.core.ext.UIComponentExtensions"
58;"sfx_manager"
60;"music_controller"
168;"bubbles"
217;"smoke_tile"
219;"acid_holder"
226;"BoundingBox"
229;"char_0"
232;"char_1"
235;"char_2"
238;"char_3"
241;"char_4"
244;"char_5"
247;"char_6"
250;"char_7"
253;"char_8"
256;"char_9"
259;"char_a"
262;"char_b"
265;"char_c"
268;"char_d"
271;"char_e"
274;"char_exclamation"
277;"char_f"
280;"char_g"
283;"char_h"
286;"char_i"
289;"char_j"
292;"char_k"
295;"char_l"
298;"char_m"
301;"char_n"
304;"char_o"
307;"char_p"
310;"char_q"
313;"char_question"
316;"char_r"
319;"char_s"
322;"char_space"
325;"char_stop"
328;"char_t"
331;"char_u"
334;"char_v"
337;"char_w"
340;"char_x"
343;"char_y"
346;"char_z"
347;"Defaults"
348;"UIObjectExtensions"
349;"UIObject"
354;"FocusRect"
355;"FocusManager"
356;"UIComponentExtensions"
357;"UIComponent"
360;"char_hyphen"
363;"char_comma"
364;"Toxic"
384;"back_button"
385;"back_to_map_button"
403;"basic_bomb"
428;"basic_robot"
429;"bomb_hole_vert"
430;"bomb_hole_horiz"
431;"bomb_hole_digger"
432;"bomb_hole"
433;"bomb_border_vert"
434;"bomb_border_horiz"
435;"bomb_border_digger"
436;"bomb_border"
453;"bomb_panel"
454;"bomb_shape"
455;"bomb_solid"
471;"bomb_spawner"
542;"bomber_robot"
543;"bonus_pad_glow"
548;"boss_bullet"
559;"boss_debris"
565;"boss_health_panel"
567;"boss_heart_hit"
582;"boss_laser"
587;"boss_missile"
588;"boss_solid_mask"
638;"boss1"
840;"boss2"
842;"boss2_grow_layer"
856;"bot"
857;"bullet"
880;"cannon"
881;"clear_button"
884;"clear_game_button"
887;"clear_powercells_button"
888;"coll_7"
889;"coll_6"
890;"coll_5"
891;"coll_4"
892;"coll_3"
893;"coll_2"
894;"coll_1"
895;"coll_0"
926;"collapsing_platform"
929;"collect_basic"
932;"collect_digger"
935;"collect_platform"
938;"collect_walker"
939;"continue_button"
940;"continue_end_button"
959;"conveyor_231"
977;"conveyor_232"
995;"conveyor_233"
997;"conveyor_234"
999;"conveyor_235"
1001;"conveyor_236"
1002;"credits_button"
1005;"debris_1"
1008;"debris_2"
1011;"debris_3"
1013;"debris_4"
1015;"debris_5"
1017;"debris_6"
1020;"debris_7"
1023;"debris_8"
1026;"debris_9"
1029;"debris_10"
1032;"debris_11"
1035;"debris_12"
1038;"debris_13"
1041;"debris_14"
1044;"debris_15"
1047;"debris_16"
1050;"debris_17"
1053;"debris_18"
1056;"debris_19"
1059;"debris_20"
1061;"debris_21"
1063;"debris_22"
1066;"debris_23"
1069;"debris_24"
1071;"debris_25"
1074;"debris_26"
1076;"debris_27"
1079;"debris_28"
1081;"debris_29"
1084;"debris_30"
1086;"debris_31"
1089;"debris_32"
1091;"debris_33"
1094;"debris_34"
1096;"debris_35"
1097;"debris_36"
1098;"debris_37"
1099;"debris_38"
1100;"debris_39"
1101;"debris_40"
1102;"debris_41"
1103;"debris_42"
1104;"debris_43"
1105;"debris_44"
1106;"debris_45"
1107;"debris_46"
1108;"debris_47"
1109;"debris_48"
1110;"debris_49"
1111;"debris_50"
1112;"debris_51"
1115;"debris_52"
1118;"debris_53"
1121;"debris_54"
1124;"debris_55"
1127;"debris_56"
1130;"debris_57"
1133;"debris_58"
1136;"debris_59"
1139;"debris_60"
1142;"debris_61"
1145;"debris_62"
1148;"debris_63"
1151;"debris_64"
1154;"debris_65"
1157;"debris_66"
1160;"debris_67"
1163;"debris_68"
1166;"debris_69"
1169;"debris_70"
1172;"debris_71"
1174;"debris_72"
1176;"debris_73"
1178;"debris_74"
1180;"debris_75"
1182;"debris_76"
1184;"debris_77"
1186;"debris_78"
1189;"debris_79"
1192;"debris_80"
1195;"debris_81"
1198;"debris_82"
1200;"debris_83"
1202;"debris_84"
1204;"debris_85"
1206;"debris_86"
1209;"debris_87"
1212;"debris_88"
1215;"debris_89"
1218;"debris_90"
1221;"debris_91"
1224;"debris_92"
1227;"debris_93"
1230;"debris_94"
1233;"debris_95"
1236;"debris_96"
1239;"debris_97"
1242;"debris_98"
1245;"debris_99"
1262;"digger_bomb"
1274;"digger_robot"
1297;"door"
1346;"drip"
1347;"end_pad_glow"
1373;"explosion1"
1398;"explosion2"
1421;"explosion3"
1444;"explosion4"
1467;"explosion5"
1468;"explosion100"
1469;"final_boss_cover"
1471;"first_door"
1482;"first_info_point"
1491;"fish"
1509;"flyer_robot"
1517;"fx_toggle"
1535;"game"
1538;"glow"
1539;"ground_grow_14"
1540;"ground_grow_13"
1541;"ground_grow_12"
1542;"ground_grow_11"
1543;"ground_grow_10"
1544;"ground_grow_9"
1545;"ground_grow_8"
1546;"ground_grow_7"
1547;"ground_grow_6"
1548;"ground_grow_5"
1549;"ground_grow_4"
1550;"ground_grow_3"
1551;"ground_grow_2"
1552;"ground_grow_1"
1559;"health_panel"
1560;"help_button"
1565;"next_arrow_button"
1568;"arrow_button"
1573;"score_line"
1581;"hiscore_board"
1585;"hive"
1591;"holo_button"
1623;"holo_tile"
1624;"info_point"
1628;"laser"
1629;"tile_240"
1634;"letter_button"
1643;"level_select_1_0"
1652;"level_select_2_0"
1660;"level_select_2_1"
1668;"level_select_3_0"
1677;"level_select_4_0"
1685;"level_select_5_0"
1693;"level_select_6_0"
1701;"level_select_6_1"
1709;"level_select_7_0"
1717;"level_select_7_1"
1725;"level_select_8_0"
1733;"level_select_9_0"
1741;"level_select_9_1"
1749;"level_select_10_0"
1757;"level_select_11_0"
1765;"level_select_12_0"
1773;"level_select_12_1"
1781;"level_select_13_0"
1789;"level_select_13_1"
1797;"level_select_14_0"
1805;"level_select_15_0"
1813;"level_select_16_0"
1821;"level_select_16_1"
1829;"level_select_17_0"
1837;"level_select_17_1"
1845;"level_select_18_0"
1853;"level_select_18_1"
1861;"level_select_19_0"
1869;"level_select_20_0"
1877;"level_select_20_1"
1880;"levelbonus"
1881;"levelend"
1885;"medipak"
1900;"mine"
1914;"moving_cannon"
1920;"music_toggle"
1921;"next_level_button"
1922;"options_button"
1926;"pause_button"
1928;"platform_bomb"
1929;"platform_bomb_shape"
1931;"play_button"
2121;"player"
2123;"try_again_button"
2126;"submit_score_button"
2134;"secret_level_button"
2141;"popup_holder"
2158;"powercell"
2162;"powercell_panel"
2163;"submit_button"
2168;"score_submit_panel"
2169;"scores_button"
2170;"shooter_bullet"
2183;"shooter_robot"
2187;"skip_intro_button"
2205;"spider"
2226;"splash"
2228;"start_pad_glow"
2229;"pad_base"
2264;"stinger_robot"
2287;"tall_cannon"
2304;"text_display"
2312;"title_screen_anim"
2313;"transparent_hole"
2324;"walker_bomb"
2334;"wheel_robot"
2376;"wheelie_robot"
2382;"zapper_robot"
2383;"tile_280"
2384;"tile_279"
2385;"tile_278"
2386;"tile_276"
2387;"tile_277"
2388;"tile_265"
2389;"tile_264"
2390;"tile_263"
2391;"tile_236"
2392;"tile_244"
2393;"tile_235"
2394;"tile_234"
2395;"tile_233"
2396;"tile_232"
2397;"tile_231"
2398;"tile_200"
2399;"tile_199"
2400;"tile_198"
2401;"tile_197"
2402;"tile_196"
2403;"tile_195"
2404;"tile_194"
2406;"tile_189"
2407;"tile_188"
2408;"tile_185"
2409;"tile_184"
2410;"tile_183"
2411;"tile_182"
2412;"tile_181"
2413;"tile_180"
2414;"tile_179"
2415;"tile_178"
2416;"tile_177"
2417;"tile_176"
2418;"tile_175"
2419;"tile_174"
2420;"tile_173"
2421;"tile_172"
2422;"tile_171"
2423;"tile_170"
2424;"tile_169"
2425;"tile_168"
2426;"tile_167"
2427;"tile_166"
2428;"tile_165"
2429;"tile_164"
2430;"tile_163"
2431;"tile_162"
2432;"tile_161"
2433;"tile_160"
2434;"tile_159"
2435;"tile_158"
2436;"tile_157"
2437;"tile_156"
2438;"tile_155"
2439;"tile_154"
2440;"tile_153"
2441;"tile_152"
2442;"tile_151"
2443;"tile_150"
2444;"tile_149"
2445;"tile_148"
2446;"tile_147"
2447;"tile_146"
2448;"tile_145"
2449;"tile_144"
2450;"tile_143"
2451;"tile_142"
2452;"tile_141"
2453;"tile_140"
2454;"tile_139"
2455;"tile_138"
2456;"tile_137"
2457;"tile_136"
2458;"tile_135"
2459;"tile_134"
2460;"tile_133"
2461;"tile_132"
2462;"tile_131"
2463;"tile_130"
2464;"tile_129"
2465;"tile_128"
2466;"tile_127"
2467;"tile_126"
2468;"tile_125"
2469;"tile_124"
2470;"tile_123"
2471;"tile_122"
2472;"tile_121"
2473;"tile_120"
2474;"tile_119"
2475;"tile_118"
2476;"tile_117"
2477;"tile_116"
2478;"tile_115"
2479;"tile_114"
2480;"tile_113"
2481;"tile_112"
2482;"tile_111"
2483;"tile_110"
2484;"tile_109"
2485;"tile_108"
2486;"tile_107"
2487;"tile_106"
2488;"tile_105"
2489;"tile_104"
2490;"tile_103"
2491;"tile_102"
2492;"tile_101"
2493;"tile_100"
2494;"tile_99"
2495;"tile_98"
2496;"tile_97"
2497;"tile_96"
2498;"tile_95"
2499;"tile_94"
2500;"tile_93"
2501;"tile_92"
2502;"tile_91"
2503;"tile_90"
2504;"tile_89"
2505;"tile_88"
2506;"tile_87"
2507;"tile_86"
2508;"tile_85"
2509;"tile_84"
2510;"tile_83"
2511;"tile_82"
2512;"tile_81"
2513;"tile_80"
2514;"tile_79"
2515;"tile_78"
2516;"tile_77"
2517;"tile_76"
2518;"tile_75"
2519;"tile_74"
2520;"tile_73"
2521;"tile_72"
2522;"tile_71"
2523;"tile_70"
2524;"tile_69"
2525;"tile_68"
2526;"tile_67"
2527;"tile_66"
2528;"tile_65"
2529;"tile_64"
2530;"tile_63"
2531;"tile_62"
2532;"tile_61"
2533;"tile_60"
2534;"tile_59"
2535;"tile_58"
2536;"tile_57"
2537;"tile_56"
2538;"tile_55"
2539;"tile_54"
2540;"tile_53"
2541;"tile_52"
2542;"tile_51"
2543;"tile_50"
2544;"tile_49"
2545;"tile_48"
2546;"tile_47"
2547;"tile_46"
2548;"tile_45"
2549;"tile_44"
2550;"tile_43"
2551;"tile_42"
2552;"tile_41"
2553;"tile_40"
2554;"tile_39"
2555;"tile_38"
2556;"tile_37"
2557;"tile_36"
2558;"tile_35"
2559;"tile_34"
2560;"tile_33"
2561;"tile_32"
2562;"tile_31"
2563;"tile_30"
2564;"tile_29"
2565;"tile_28"
2566;"tile_27"
2567;"tile_26"
2568;"tile_25"
2569;"tile_24"
2570;"tile_23"
2571;"tile_22"
2572;"tile_21"
2573;"tile_20"
2574;"tile_19"
2575;"tile_18"
2576;"tile_17"
2577;"tile_16"
2578;"tile_15"
2579;"tile_14"
2580;"tile_13"
2581;"tile_12"
2582;"tile_11"
2583;"tile_10"
2584;"tile_9"
2585;"tile_8"
2586;"tile_7"
2587;"tile_6"
2588;"tile_5"
2589;"tile_4"
2590;"tile_3"
2591;"tile_206"
2592;"tile_205"
2593;"tile_204"
2611;"tile_268"
2612;"tile_269"
2626;"tile_270"
2627;"tile_271"
2628;"tile_258"
2629;"tile_257"
2630;"tile_256"
2631;"tile_255"
2632;"tile_201"
2633;"tile_202"
2634;"tile_203"
2636;"tile_193"
2638;"tile_192"
2640;"tile_191"
2642;"tile_190"
2650;"tile_187"
2658;"tile_186"
2661;"boss_head"
2662;"tile_281"
3437;"testPoints"
2664;"menu_music"
2665;"game_music"
3435;"window"
3430;"__Packages.Windows"
3431;"__Packages.Window"
3432;"__Packages.Main"
3433;"__Packages.TAS"
3434;"__Packages.RNG"
3436;"__Packages.Utils"
3438;"__Packages.Timer"
3439;"__Packages.Code"
3440;"__Packages.Parser"
3441;"__Packages.CompilerError"
